ID_Point,Latitude,Longitude,Name,Description,Icon,%Deforestation,Ancistrus brevipinnis,Ancistrus taunay,Aphyocharax anisitsi,Apistogramma commbrae,Astyanax dissensus,Astyanax eigenmanniorum,Astyanax fasciatus,Astyanax henseli,Astyanax lacustris,Astyanax laticeps,Astyanax procerus,Astyanax saguazu,Astyanax sp1,Astyanax sp2,Astyanax stenohalinos,Astyanax xiru,Australoheros facetus,Australoheros minuano,Australoheros scitulus,Brachyhypopomus bombilla,Bryconamericus iheringii,Bunocephalus doriae,Callichthys callichthys,Characidium occidentale,Characidium orientale,Characidium pterostictum,Characidium tenue,Characidium zebra,Charax stenopterus,Cheirodon ibicuhiensis,Cheirodon interruptus,Cichlasoma dimerus,Cnesterodon decemmaculatus,Corydoras paleatus,Corydoras sp,Corydoras undulatus,Crenicichla lepidota,Crenicichla punctata,Crenicichla scotti,Cyphocharax saladensis,Cyphocharax spilotus,Cyphocharax voga,Diapoma alegretensis,Diapoma speculiferum,Diapoma terofali,Diapoma tipiaia,Diapoma uruguayensis,Eigenmannia trilineata,Gymnogeophagus gymnogenys,Gymnogeophagus labiatus,Gymnogeophagus mekinos,Gymnogeophagus meridionalis,Gymnogeophagus pseudolabiatus,Gymnogeophagus rhabdotus,Gymnotus carapo,Hemiancistrus fuliginosus,Hemiancistrus punctulatus,Heptapterus mustelinus,Heptapterus sp,Heptapterus sympterygium,Heterocheirodon yatai,Hisonotus armatus,Hisonotus charrua,Hisonotus laevior,Hisonotus notopagos,Hisonotus ringueleti,Homodiaetus anisitsi,Hoplias malabaricus,Hyphessobrycon anisitsi,Hyphessobrycon luetkenii,Hyphessobrycon meridionalis,Hyphessobrycon togoi,Hypobrycon sp,Hypostomus aspilogaster,Hypostomus commersoni,Hypostomus uruguayensis,Imparfinis mishky,Ituglanis australis,Ituglanis sp,Microglanis cottoides,Mimagoniates inequalis,Moenkhausia dichroura,Odontostilbe pequira,Oligosarcus jacuiensis,Oligosarcus jenynsii,Oligosarcus oligolepis,Oligosarcus robustus,Oligosarcus sp,Otocinclus arnoldi,Otocinclus flexilis,Phalloceros caudimaculatus,Pimelodella australis,Pseudobunocephalus iheringii,Pseudocorynopoma doriae,Pseudohemiodon laticeps,Pseudoheptapterus sp,Rhamdella eriarcha,Rhamdella longiuscula,Rhamdia quelen,Rineloricaria baliola,Rineloricaria cadeae,Rineloricaria longicauda,Rineloricaria microlepidogaster,Rineloricaria sp,Rineloricaria stellata,Rineloricaria strigilata,Scleronema aff operculatum,Scleronema minutum,Scleronema operculatum,Scleronema sp1 ibicui,Scleronema sp2 quarai,Serrapinnus calliurus,Steindachnerina biornata,Steindachnerina brevipinna,Synbranchus marmoratus,Trichomycterus poikilos
P0278,-29.763297,-55.381141,ALE1301,fish_CamposSulinos_RS,156,54.68066459,0,2,0,0,2,0,0,0,31,2,0,0,0,0,0,0,0,0,0,0,64,0,0,0,0,2,0,0,0,0,0,0,0,0,0,0,0,0,0,0,0,0,39,0,0,0,0,0,0,0,0,0,0,0,0,0,0,32,0,0,0,0,0,0,0,0,0,0,0,0,0,0,0,0,0,0,0,0,0,0,0,0,0,0,0,0,0,0,0,0,0,0,0,0,0,0,0,0,0,0,0,0,0,0,0,0,0,0,0,0,0,0,0,0,0,0
P0279,-29.768941,-55.398571,ALE1302,fish_CamposSulinos_RS,156,20.27651155,0,4,0,0,1,1,1,0,0,0,0,0,0,0,0,0,0,0,0,0,4,3,0,1,0,17,0,0,0,0,0,0,0,0,0,0,2,0,0,0,0,0,15,0,0,0,0,0,0,0,0,0,0,0,0,0,0,34,0,0,0,0,22,0,0,0,0,0,0,4,0,0,0,0,0,0,1,0,1,0,4,0,2,0,0,1,0,0,0,0,0,0,0,0,0,0,0,0,0,0,0,0,0,0,28,0,0,0,2,1,0,0,0,0,2,0
P0280,-29.780183,-55.415024,ALE1303,fish_CamposSulinos_RS,156,68.74773291,0,0,0,0,0,0,0,0,1,0,0,0,0,0,0,0,0,0,0,0,1,6,0,0,0,16,0,0,0,0,0,0,0,0,0,0,3,0,0,0,0,0,0,0,0,0,0,4,0,0,0,0,0,0,0,0,0,14,0,0,0,0,5,0,0,0,0,0,0,0,0,0,0,0,0,0,0,0,6,43,0,0,0,0,0,0,0,0,0,0,5,1,0,0,1,0,0,0,0,0,0,0,0,0,7,0,0,0,1,0,0,0,0,0,0,0
P0281,-32.231235,-53.436979,JAG1401,fish_CamposSulinos_RS,156,56.63078133,7,0,0,0,1,6,0,1,0,3,0,0,0,0,7,0,0,0,0,0,37,0,0,0,0,17,0,0,0,0,8,0,0,0,0,0,1,1,0,0,0,0,0,0,0,0,0,0,0,0,0,0,0,0,0,0,0,53,0,0,0,0,0,0,0,0,0,0,0,25,0,0,0,0,0,0,0,0,0,0,9,0,0,0,0,0,0,0,0,0,6,0,0,17,0,0,0,0,3,0,32,0,1,0,0,0,2,26,0,0,0,0,0,0,7,0
P0282,-32.241086,-53.454674,JAG1402,fish_CamposSulinos_RS,156,32.97035407,3,0,0,0,2,8,0,0,0,1,0,0,0,0,0,0,1,0,0,0,31,0,0,0,5,13,0,0,0,0,27,0,0,1,0,0,0,9,0,0,0,0,0,0,0,0,0,0,5,0,0,0,0,1,0,0,0,85,0,0,0,0,0,2,0,0,0,0,0,11,0,0,0,0,15,0,0,0,0,2,1,0,0,0,2,0,0,0,0,0,33,1,0,6,0,0,0,0,1,0,24,0,0,0,0,0,14,51,0,0,0,0,1,0,5,0
P0283,-32.252567,-53.39548,JAG1403,fish_CamposSulinos_RS,156,68.40155546,0,0,0,0,0,0,0,0,0,1,0,0,0,0,0,0,0,0,0,0,0,0,0,0,9,9,0,0,0,0,22,0,0,2,0,0,4,0,0,0,0,0,0,0,0,0,0,0,0,0,0,0,0,0,0,0,0,114,0,0,0,0,0,1,0,0,0,2,0,21,0,0,0,0,7,0,0,0,0,0,95,0,0,0,1,0,0,0,0,0,35,6,0,2,0,0,0,0,0,0,38,0,0,0,0,0,5,135,0,0,0,0,0,0,19,0
P0284,-30.922966,-54.503307,LAV14010,fish_CamposSulinos_RS,156,90.74130178,0,1,0,0,0,0,0,10,26,4,0,0,0,0,0,0,0,1,0,0,187,0,0,11,0,0,0,0,0,0,0,0,0,0,0,0,7,0,8,0,0,0,116,0,1,0,0,0,0,0,60,0,0,6,0,0,0,39,0,0,0,0,0,0,0,0,0,0,0,0,0,0,0,0,0,0,0,0,0,0,0,0,0,0,5,0,0,0,0,0,2,0,0,62,0,0,0,0,0,0,0,0,0,0,19,0,0,31,0,0,0,0,4,0,1,0
P0285,-30.791678,-54.39869,LAV1401,fish_CamposSulinos_RS,156,76.65478506,0,0,0,0,0,0,0,0,11,0,6,0,6,0,0,0,0,2,0,0,191,0,0,0,0,3,0,0,0,0,0,0,0,0,0,0,0,0,0,0,0,1,27,0,1,0,0,0,0,0,0,0,0,0,0,0,0,143,0,0,0,0,0,0,0,0,0,0,0,0,0,0,0,0,1,2,0,0,0,0,0,0,0,0,8,0,0,0,0,0,17,1,0,0,0,0,0,0,0,0,0,0,0,0,34,0,0,0,0,0,0,0,0,0,0,0
P0286,-30.801192,-54.414419,LAV1402,fish_CamposSulinos_RS,156,42.73917792,0,8,0,0,0,0,0,3,1,0,0,0,0,0,0,0,0,0,0,0,150,0,0,6,0,5,0,0,1,0,1,0,0,0,0,0,4,0,18,0,0,0,137,0,4,0,0,0,0,0,17,0,0,6,0,0,0,53,0,0,0,0,0,0,0,0,0,0,0,0,0,0,0,0,0,0,0,0,0,0,0,0,0,0,0,0,0,0,0,0,1,0,0,6,0,0,0,0,0,0,0,0,0,0,24,0,0,23,0,0,0,0,0,0,0,0
P0287,-30.783288,-54.439343,LAV1403,fish_CamposSulinos_RS,156,22.06865753,0,6,0,0,0,0,0,0,2,1,0,0,0,0,0,0,0,0,0,0,51,0,0,0,0,1,0,0,0,0,0,0,0,0,0,0,3,0,10,0,0,0,30,0,1,0,0,0,0,0,22,2,0,1,0,0,0,39,0,0,0,0,0,0,0,0,0,0,0,0,0,0,0,0,0,0,0,0,0,0,0,0,0,0,0,0,0,0,0,0,0,1,0,4,0,0,0,0,0,0,0,0,0,0,8,0,0,2,0,0,0,0,0,0,0,0
P0288,-30.913058,-54.939024,LAVEX1402,fish_CamposSulinos_RS,156,99.99420401,0,0,0,0,0,0,0,5,41,0,0,0,0,0,0,0,0,0,0,0,0,0,1,0,0,0,0,17,0,0,0,0,0,5,1,0,26,0,0,0,1,0,0,0,0,0,0,0,0,0,0,6,0,0,0,0,0,0,0,0,0,0,0,0,0,0,0,5,0,0,0,0,0,0,0,0,0,0,0,1,0,0,0,0,0,0,0,0,0,0,0,5,0,3,0,0,0,0,9,0,0,0,0,0,0,0,0,0,0,0,0,0,0,0,1,0
P0289,-30.304496,-55.92623,QUA1301,fish_CamposSulinos_RS,156,87.41065305,0,16,0,0,0,0,0,5,1,0,0,0,3,0,0,0,0,0,7,1,15,2,0,5,0,21,14,15,0,0,0,0,1,0,0,0,9,0,2,0,2,0,45,0,4,0,0,1,0,0,1,0,0,1,0,19,0,175,0,0,0,0,0,0,0,0,0,0,0,6,0,0,0,0,0,0,0,0,0,0,0,0,0,0,2,0,0,0,0,0,0,0,0,11,0,0,0,0,1,0,0,0,0,0,48,0,0,0,0,0,0,0,6,0,5,0
P0290,-30.292338,-55.966083,QUA1302,fish_CamposSulinos_RS,156,50.96802145,0,77,0,0,0,0,0,4,0,0,0,0,0,0,0,1,0,0,3,0,0,0,0,0,0,10,0,0,0,0,0,0,0,0,0,0,0,0,18,0,0,0,53,0,0,0,0,0,0,0,3,0,0,8,0,6,0,400,0,0,0,0,1,0,0,0,0,0,2,0,0,0,0,0,0,0,0,0,0,1,0,0,0,0,0,0,0,0,0,0,0,0,0,0,0,0,0,10,0,0,0,0,0,2,8,0,0,0,0,0,0,0,0,0,2,0
P0291,-30.28349,-55.97125,QUA1303,fish_CamposSulinos_RS,156,56.23070768,0,2,0,0,0,8,0,4,2,2,1,0,0,0,0,0,0,0,3,0,21,0,0,0,0,0,0,1,0,0,49,0,1,0,0,0,7,0,10,0,0,0,93,0,0,0,0,0,0,0,3,0,0,26,0,0,0,145,0,0,1,0,0,0,0,0,0,0,0,0,6,5,0,0,0,0,0,0,0,0,0,0,0,0,0,0,0,0,0,0,0,1,0,1,0,0,0,5,5,0,0,0,0,0,5,0,0,0,0,0,0,0,0,0,2,0
P0292,-28.544939,-55.480953,SAM1301,fish_CamposSulinos_RS,156,36.37272011,0,2,0,1,0,0,0,41,8,0,0,0,0,0,0,0,9,0,3,0,9,0,0,9,3,43,0,0,2,1,0,0,0,2,0,0,1,0,0,0,0,0,0,0,0,0,29,0,0,0,0,10,0,0,0,0,0,52,0,0,2,0,0,0,0,0,0,1,0,1,0,0,0,0,0,0,4,0,0,0,0,0,0,0,0,0,0,1,0,0,3,30,0,36,0,0,0,0,1,0,0,0,0,0,1,0,0,0,0,0,0,0,0,0,0,0
P0293,-28.552564,-55.437127,SAM1302,fish_CamposSulinos_RS,156,33.06342538,0,0,0,0,8,0,0,71,2,0,0,0,0,0,0,0,0,0,0,1,9,0,0,4,0,1,0,4,2,0,33,0,0,1,0,0,16,0,0,0,0,0,0,0,0,0,1,0,0,0,0,2,0,0,0,0,0,36,0,0,0,0,0,0,0,0,0,0,0,6,3,0,0,0,0,0,0,0,0,1,0,0,0,0,1,0,0,0,0,0,31,28,1,52,0,0,0,0,2,0,0,0,0,0,5,0,0,0,0,0,0,0,0,0,10,0
P0294,-28.51503,-55.469611,SAM1303,fish_CamposSulinos_RS,156,66.04019292,0,18,0,0,0,12,0,33,8,0,0,0,0,0,0,0,0,0,0,0,7,0,1,1,0,28,1,0,0,0,0,0,0,0,0,0,2,0,0,0,0,0,0,0,0,0,5,0,0,0,0,0,0,0,0,0,0,40,0,0,0,0,1,0,0,0,0,0,0,2,0,0,0,0,0,0,0,0,0,2,0,0,0,0,0,0,0,0,0,0,6,5,0,2,0,0,0,0,0,0,0,0,0,0,1,0,0,0,0,0,0,0,0,0,0,0
P0295,-29.386775,-54.777171,SAT1401,fish_CamposSulinos_RS,156,58.11174113,0,0,0,0,0,0,0,0,0,27,0,0,0,0,0,0,0,0,0,0,0,0,0,0,0,0,0,0,0,0,2,0,0,0,0,0,5,0,0,0,0,0,0,0,0,0,0,0,0,0,0,0,0,0,0,1,0,49,0,0,0,0,0,0,0,0,0,0,0,0,0,0,0,0,0,0,0,0,0,0,0,0,0,0,0,0,0,0,0,0,0,0,0,0,0,0,0,0,10,0,0,0,0,0,50,0,0,0,0,0,0,0,0,0,0,0
P0296,-29.219682,-54.753204,SAT1402,fish_CamposSulinos_RS,156,44.78814538,0,8,0,0,0,0,0,10,0,28,0,0,0,0,0,0,0,0,0,0,13,0,0,0,0,14,0,0,0,0,0,0,0,0,0,0,0,0,14,0,0,0,0,0,0,0,0,0,0,0,0,0,0,0,0,0,0,186,0,0,0,0,0,0,0,0,0,1,0,0,0,0,0,0,0,0,0,0,0,0,0,0,0,0,0,0,0,0,0,0,0,0,0,0,0,0,0,0,8,0,0,0,0,0,5,0,0,0,0,0,0,0,0,0,0,0
P0297,-29.06387,-55.086094,SAT1403,fish_CamposSulinos_RS,156,54.16144067,0,40,0,0,0,0,0,2,0,24,0,0,0,0,0,10,0,0,0,0,70,0,0,0,0,52,0,0,0,0,0,0,0,0,0,0,0,0,0,0,0,0,1,0,0,0,0,0,0,0,0,0,0,0,0,0,0,84,0,0,0,0,0,0,0,0,0,0,0,0,0,0,0,0,0,0,0,0,0,0,0,0,0,0,0,0,0,0,0,0,0,0,0,0,0,0,0,0,10,0,0,0,0,0,16,0,0,0,0,0,0,0,0,0,0,0
P0298,-29.107878,-54.573496,SAT1404,fish_CamposSulinos_RS,156,63.35840015,0,1,0,0,12,0,0,0,0,0,4,0,0,0,0,0,0,16,0,0,120,0,0,19,0,79,0,0,3,0,0,0,0,2,0,0,4,0,0,0,0,0,106,0,0,0,0,0,0,0,2,0,0,0,1,18,0,86,0,0,0,0,5,0,0,1,0,1,0,6,0,0,0,0,0,0,0,0,0,0,0,0,0,0,0,0,0,0,0,0,0,0,0,0,0,0,0,0,20,0,0,0,0,0,17,0,0,0,0,0,0,0,0,0,2,0
P0299,-29.342805,-55.092778,SAT1405,fish_CamposSulinos_RS,156,39.91642488,0,5,0,0,0,0,0,0,0,18,0,0,0,0,0,0,0,0,0,0,0,0,0,0,0,0,0,0,0,0,0,0,0,0,0,0,0,0,112,0,0,0,0,0,0,0,0,0,0,0,0,0,0,0,0,0,0,76,0,0,0,0,0,0,0,0,0,0,0,0,0,0,0,0,0,0,0,0,0,0,0,0,0,0,1,0,0,0,0,0,0,0,0,0,0,0,0,0,11,0,0,0,0,0,0,0,0,0,0,0,0,0,0,0,0,0
P0300,-29.401742,-54.7128,SAT1406,fish_CamposSulinos_RS,156,71.15380747,0,4,0,0,0,0,0,0,9,15,0,0,0,0,0,0,0,0,0,0,84,0,0,0,0,14,0,0,0,0,0,0,0,0,0,0,0,0,16,0,0,0,0,0,0,0,0,0,0,0,0,0,0,0,0,0,0,65,0,0,0,0,0,0,0,0,0,0,0,0,0,0,0,0,0,0,0,0,0,0,0,0,0,0,0,0,0,0,0,0,41,0,0,0,0,0,0,0,6,0,0,0,0,0,0,0,0,0,0,0,0,0,0,0,0,0
P0301,-30.854714,-53.22713,SBV1301,fish_CamposSulinos_RS,156,58.24819867,3,0,0,0,0,11,0,17,0,12,0,0,0,0,0,0,17,0,0,0,146,0,0,0,6,8,0,0,0,0,269,0,0,0,0,0,0,0,0,0,0,0,0,0,0,0,0,0,34,0,0,0,0,0,0,0,0,13,0,0,0,0,0,0,0,0,0,0,0,5,0,0,0,0,0,0,0,0,0,0,0,0,0,0,0,0,0,0,0,0,0,0,0,4,0,0,0,0,0,0,17,0,20,0,0,0,8,22,0,0,0,0,0,0,3,0
P0302,-30.85017,-53.240583,SBV1302,fish_CamposSulinos_RS,156,19.25847517,0,0,0,0,0,1,0,2,0,6,1,0,0,0,0,0,0,0,0,0,28,0,0,0,4,1,0,0,0,0,27,0,0,0,0,0,0,0,0,0,0,0,0,0,0,0,0,0,2,0,0,0,0,0,2,0,0,42,0,0,0,0,0,4,0,0,0,1,0,12,0,0,0,3,0,0,0,0,0,10,0,0,0,0,1,0,0,0,0,0,1,0,0,22,0,0,0,0,0,0,6,0,0,0,0,3,4,0,0,0,0,0,0,0,2,0
P0303,-30.823874,-53.194339,SBV1303,fish_CamposSulinos_RS,156,35.47056422,5,0,0,0,0,33,0,57,0,16,0,0,0,0,0,0,0,0,0,0,101,0,0,0,0,2,0,0,0,0,0,0,0,0,0,0,0,0,0,0,0,0,0,0,0,0,0,0,0,1,0,0,0,0,0,0,2,55,0,0,0,4,0,0,0,0,0,0,0,0,0,0,0,2,0,0,0,0,0,0,0,0,0,0,0,0,0,0,0,0,0,0,0,0,0,0,11,0,11,0,8,0,9,0,0,0,0,22,0,0,0,0,0,0,0,0
P0304,-30.102347,-54.307873,SGA1401,fish_CamposSulinos_RS,156,81.59998429,0,0,0,0,0,14,0,13,22,2,0,0,0,0,0,0,1,0,0,0,62,0,0,0,0,0,0,0,0,0,94,0,0,0,0,0,0,0,0,0,2,1,0,3,0,0,0,0,0,0,0,0,0,2,0,0,0,22,0,0,0,0,0,1,0,0,0,0,0,9,0,0,0,0,0,0,0,0,0,3,0,0,0,0,1,0,0,0,0,0,52,20,0,31,0,0,0,0,0,0,11,0,0,0,0,0,0,0,0,0,0,0,0,0,1,0
P0305,-30.092249,-54.305257,SGA1402,fish_CamposSulinos_RS,156,24.66090686,0,0,2,0,0,2,0,76,137,15,0,0,0,0,0,0,4,0,0,0,223,0,0,0,0,0,10,4,0,0,149,0,0,29,0,0,3,0,0,0,2,1,0,7,0,0,0,0,6,0,0,0,0,20,0,0,0,44,0,0,0,0,0,41,0,0,0,5,0,54,0,0,0,0,0,0,0,0,0,9,0,0,0,0,1,0,0,0,0,5,0,134,0,142,0,0,0,0,0,0,86,0,0,0,0,0,0,0,0,0,0,0,0,0,1,0
P0306,-30.125123,-54.326217,SGA1403,fish_CamposSulinos_RS,156,43.00165034,0,0,0,0,0,0,0,17,0,1,0,0,0,0,0,0,0,0,0,0,101,0,0,0,0,0,0,0,0,0,31,0,0,0,0,0,0,0,0,0,0,0,0,0,0,0,0,0,0,0,0,0,0,1,0,0,0,86,0,0,0,0,0,1,0,0,0,0,0,0,0,0,0,0,0,0,0,0,0,0,0,0,0,0,1,0,0,0,0,0,520,13,0,50,0,0,0,0,0,0,1,0,0,0,0,0,0,0,0,0,0,0,0,0,4,0
P0307,-28.857349,-52.454926,SLD1301,fish_CamposSulinos_RS,156,33.88305266,11,0,0,0,0,0,0,0,0,0,0,0,0,2,0,0,1,0,0,0,24,0,0,0,0,44,0,0,0,0,0,0,0,0,0,0,0,0,0,0,0,0,0,0,0,0,0,0,0,0,0,0,0,0,0,0,0,0,0,0,0,0,0,0,0,0,0,0,0,0,0,0,0,0,0,0,0,0,0,0,0,0,0,1,0,0,0,0,0,0,0,0,0,0,0,26,0,0,1,28,0,0,0,0,0,0,0,0,0,0,0,0,0,0,0,8
P0308,-28.892401,-52.43469,SLD1302,fish_CamposSulinos_RS,156,52.34755231,12,0,0,0,0,0,0,0,0,0,0,0,0,15,0,0,0,0,0,0,20,0,0,0,0,14,0,0,0,0,0,0,0,0,0,0,0,0,0,0,0,0,0,0,0,0,0,0,0,0,0,0,0,0,0,0,0,0,0,0,0,0,0,0,0,0,0,1,0,0,0,0,0,0,0,0,0,0,0,0,0,0,0,0,0,0,0,0,0,0,0,0,0,0,0,46,0,0,3,0,0,0,8,0,0,0,0,0,0,0,0,0,0,0,0,5
P0309,-28.869003,-52.47954,SLD1303,fish_CamposSulinos_RS,156,68.26708656,24,0,0,0,0,0,0,0,0,0,0,0,0,3,0,0,0,0,0,0,19,0,0,0,0,62,0,0,0,0,0,0,0,0,0,0,0,0,0,0,0,0,0,0,0,0,0,0,0,0,0,0,0,0,0,0,0,0,0,0,0,0,0,0,0,0,0,2,0,0,0,0,0,0,0,0,0,0,0,0,0,0,0,3,0,0,0,0,0,0,0,0,0,0,0,23,0,0,4,0,0,0,28,0,0,0,0,0,0,0,0,0,0,0,0,9
P0310,-30.995075,-55.403403,SLI1401,fish_CamposSulinos_RS,156,99.2925436,0,0,8,0,50,7,0,0,0,1,0,0,0,0,0,0,0,12,0,3,42,0,0,79,0,0,0,17,9,0,13,4,0,0,0,1,18,0,1,19,0,0,125,0,0,0,0,8,0,0,26,0,0,0,0,0,0,16,0,0,0,0,0,0,0,0,0,1,0,0,8,0,0,0,0,0,0,0,0,0,0,0,0,0,0,0,0,0,0,0,1,0,0,1,0,0,0,0,0,0,0,0,0,0,6,0,0,0,0,2,0,0,0,0,0,0
P0311,-31.001799,-55.326052,SLI1402,fish_CamposSulinos_RS,156,100,0,0,13,0,8,6,0,13,20,0,0,0,0,0,0,0,0,19,0,0,15,0,0,0,0,0,0,55,1,0,6,0,0,8,0,0,9,0,0,0,5,39,86,0,49,0,0,0,0,0,5,2,0,4,1,0,0,2,0,0,3,0,0,0,0,0,0,2,0,0,1,0,0,0,0,0,0,0,0,0,0,0,0,0,3,0,0,0,0,0,0,1,0,10,0,0,0,1,0,0,0,0,0,0,1,0,0,0,0,0,0,2,3,0,2,0
P0312,-30.809709,-55.537394,SLI1403,fish_CamposSulinos_RS,156,73.86918767,0,29,0,0,0,31,0,0,0,1,0,0,0,0,0,3,0,8,0,0,283,0,0,27,0,28,0,0,7,0,16,0,0,0,0,0,0,0,14,0,0,2,128,0,1,0,0,0,0,0,12,0,0,0,0,0,0,78,0,0,0,0,0,0,0,0,0,0,0,0,0,0,0,0,0,0,0,0,0,0,0,0,0,0,0,0,0,0,0,0,3,0,0,3,0,0,0,3,0,0,0,0,0,0,13,0,0,6,0,0,0,0,0,0,0,0
P0313,-30.846739,-55.409159,SLI1404,fish_CamposSulinos_RS,156,96.93274031,0,0,1,0,26,1,0,0,19,1,0,0,0,0,0,0,0,0,0,2,85,0,1,11,0,11,0,0,0,0,1,0,0,17,0,6,3,0,0,1,0,2,63,0,0,0,0,0,0,0,11,0,0,0,1,0,0,21,0,0,0,0,11,0,0,0,0,1,0,8,0,0,0,0,0,0,0,1,0,0,0,0,0,0,0,0,0,0,0,0,3,0,0,0,0,0,0,0,0,0,0,0,0,0,23,0,0,0,4,0,0,0,0,0,1,0
P0314,-30.605547,-55.376349,SLI1405,fish_CamposSulinos_RS,156,33.12375199,0,4,0,0,27,0,1,0,19,5,0,0,0,0,0,0,0,2,0,0,143,0,0,7,0,86,0,0,1,0,1,0,0,0,0,0,1,0,11,0,0,0,58,0,0,0,0,0,0,0,16,0,0,0,0,0,0,74,0,0,0,0,1,0,0,0,1,0,0,0,0,0,0,0,0,0,0,0,0,0,0,0,0,0,0,0,0,0,0,0,5,0,0,10,0,0,0,0,0,0,0,0,0,0,26,0,0,15,0,0,0,3,0,0,4,0
P0315,-29.357235,-54.414926,SPS1401,fish_CamposSulinos_RS,156,73.09730634,0,31,0,0,0,0,0,0,0,8,0,2,0,39,0,12,0,0,0,0,74,0,0,0,0,0,0,0,0,0,0,0,0,0,0,0,0,0,27,0,0,0,0,0,0,0,0,0,0,0,0,0,0,0,0,2,0,55,28,0,0,0,0,0,0,0,0,0,0,0,0,0,16,0,0,0,0,0,0,0,0,0,0,0,0,0,0,0,0,0,0,0,0,0,0,0,0,4,9,0,0,0,0,0,7,0,0,0,0,0,0,0,0,0,0,0
P0316,-29.400262,-54.301585,SPS1402,fish_CamposSulinos_RS,156,37.72161736,0,0,0,0,0,0,0,9,2,15,6,0,0,5,0,0,0,0,0,0,123,0,0,29,0,7,0,0,0,0,0,0,0,0,0,0,0,0,10,0,0,0,0,0,0,0,0,0,0,0,0,0,0,0,0,0,0,0,15,0,0,0,0,0,0,11,0,0,0,0,0,0,0,0,2,0,0,0,0,0,0,0,0,0,2,0,0,0,0,0,0,0,0,0,0,0,0,0,2,0,0,0,0,0,8,0,0,0,0,0,0,0,0,0,0,0
P0317,-29.293941,-54.034254,SPS1403,fish_CamposSulinos_RS,156,56.63818488,0,12,0,0,0,20,0,0,0,3,8,0,0,28,0,0,0,1,0,0,162,0,0,1,0,48,0,0,0,0,0,0,0,1,0,0,0,0,8,0,0,0,0,0,0,5,0,0,0,0,0,0,0,0,0,0,0,36,2,0,0,0,0,0,0,0,0,1,0,0,0,0,0,0,0,0,0,0,0,0,0,0,0,0,1,0,0,0,0,0,0,0,0,0,0,0,0,0,3,0,0,0,0,0,8,0,0,0,0,0,0,0,0,0,0,0
P0318,-29.317881,-54.122079,SPS1404,fish_CamposSulinos_RS,156,35.71521389,0,62,0,0,0,0,0,0,0,11,0,0,0,0,0,17,0,6,0,0,199,0,0,0,0,57,0,0,0,0,0,0,0,0,0,0,1,0,0,0,0,0,0,0,0,0,0,0,0,0,0,0,0,0,0,13,0,74,101,0,0,0,0,0,0,0,0,0,0,0,0,0,0,0,0,0,0,0,0,0,0,0,0,0,0,0,0,0,0,0,0,0,0,0,0,0,0,0,8,0,0,0,0,0,1,0,0,0,0,0,0,0,0,0,0,0
P0319,-29.350231,-54.210625,SPS1405,fish_CamposSulinos_RS,156,34.3152094,0,91,0,0,0,0,0,3,0,0,0,0,0,33,0,23,0,2,0,0,108,0,0,0,0,114,0,0,0,0,0,0,0,0,0,0,4,0,0,0,0,0,0,0,0,0,0,0,0,0,0,0,0,0,0,8,0,84,0,0,0,0,0,0,0,0,0,0,0,0,0,0,0,0,0,0,0,0,0,0,0,0,0,0,0,0,0,0,0,0,0,0,0,0,0,0,0,0,1,0,0,0,0,0,23,0,0,0,0,0,0,0,0,0,0,0
P0320,-29.345179,-54.389707,SPS1406,fish_CamposSulinos_RS,156,19.69416074,0,42,0,0,0,0,0,0,2,0,0,0,0,107,0,43,0,2,0,0,153,0,0,0,0,79,0,0,0,0,1,0,0,0,0,0,18,0,0,0,0,0,12,0,0,0,0,0,0,0,0,0,0,0,0,12,0,33,0,0,0,0,0,0,0,0,0,0,0,0,0,0,0,0,0,0,0,0,0,0,0,0,0,0,1,0,0,0,0,0,0,0,0,0,0,0,0,0,10,0,0,0,0,0,6,0,0,0,0,0,0,0,0,0,0,0
P0321,-31.297286,-52.809736,CGU1401,fish_CamposSulinos_RS,156,80.97295284,1,0,0,0,0,21,0,0,0,8,0,0,0,0,0,0,0,0,0,0,49,0,0,0,0,26,0,0,0,0,0,0,0,0,0,0,0,0,0,0,0,0,0,0,0,0,0,0,0,0,0,0,0,0,0,0,0,21,0,0,0,0,0,0,3,0,0,0,0,0,0,0,0,0,0,0,0,0,0,0,0,0,0,2,3,0,0,0,0,0,1,0,0,0,0,0,4,0,0,0,0,0,26,0,0,0,0,0,0,0,0,0,0,0,0,0
P0322,-30.972135,-52.762276,CGU1402,fish_CamposSulinos_RS,156,27.53338916,7,0,0,0,0,0,0,0,6,60,0,0,0,0,0,0,0,0,0,0,0,0,0,0,0,29,0,0,0,0,3,0,0,0,0,0,0,0,0,0,0,0,0,0,0,0,0,0,0,0,0,0,0,0,0,0,0,56,0,0,0,0,0,0,12,0,0,0,0,0,0,0,0,0,0,0,0,0,0,0,0,0,0,0,0,0,0,0,0,0,12,0,0,0,0,0,0,0,2,0,0,0,0,0,0,0,0,0,0,0,0,0,0,0,3,0
P0323,-31.152153,-52.803984,CGU1403,fish_CamposSulinos_RS,156,57.31195806,1,0,0,0,0,7,0,0,0,6,0,0,0,0,0,1,0,0,0,0,55,0,0,0,0,0,0,0,0,0,0,0,0,0,0,0,0,0,0,0,0,0,0,0,0,0,0,0,0,0,0,0,0,0,0,0,0,87,0,0,0,0,0,0,0,0,0,0,0,4,0,0,0,0,0,0,0,0,0,0,0,0,0,1,0,0,0,0,0,0,1,0,0,0,0,0,0,0,0,0,0,0,29,0,0,0,0,0,0,0,0,0,0,0,0,0
P0324,-31.288816,-53.095001,CGU1404,fish_CamposSulinos_RS,156,71.47783671,0,0,0,0,0,0,0,1,0,0,0,0,0,0,0,1,0,0,0,0,34,0,0,0,0,14,0,0,0,0,0,0,0,0,0,0,0,0,0,0,0,0,0,0,0,0,0,0,0,0,0,0,0,0,0,0,0,32,0,0,0,0,0,0,5,0,0,0,0,0,0,0,0,0,0,0,0,0,0,0,0,0,0,0,0,0,0,0,0,0,0,5,0,0,0,0,1,0,1,0,3,0,7,0,0,0,0,0,0,0,0,0,0,0,1,0
P0325,-32.256,-53.37567,JAGex1401,fish_CamposSulinos_RS,156,68.8748287,0,0,0,0,0,5,0,0,0,2,0,0,0,0,0,0,0,0,0,0,45,0,0,0,0,23,0,0,0,0,1,0,0,2,0,0,1,1,0,0,0,0,0,0,0,0,0,0,0,0,0,0,0,0,0,0,0,60,0,0,0,0,0,3,0,0,0,0,0,67,0,0,0,0,0,0,0,0,0,3,0,0,0,0,0,0,0,0,0,0,8,3,0,8,0,0,0,0,0,0,4,0,0,0,0,1,0,11,0,0,0,0,0,0,6,0
P0326,-32.32692,-53.25821,JAGex1402,fish_CamposSulinos_RS,156,54.13179039,1,0,0,0,0,7,12,0,0,0,0,0,0,0,0,0,0,0,0,0,180,0,0,0,14,0,0,0,0,0,1,0,0,1,0,0,0,0,0,0,0,0,0,0,0,0,0,0,1,0,0,0,0,0,0,0,0,22,0,1,0,0,0,1,0,0,0,0,0,10,0,0,0,0,0,0,0,0,0,1,18,0,0,0,4,0,4,0,0,0,4,31,3,17,0,0,0,0,0,0,0,4,0,0,0,0,0,1,0,0,0,0,0,0,2,0
P0327,-30.432216,-56.312233,QUA1401,fish_CamposSulinos_RS,156,93.43500294,0,0,0,0,0,0,0,0,2,1,0,0,0,0,1,0,0,0,0,0,17,0,0,0,0,8,1,0,0,0,12,0,0,1,0,0,6,0,0,1,0,0,0,0,0,0,53,0,0,0,0,0,6,0,0,0,0,3,0,0,0,0,0,0,0,0,0,3,96,3,0,0,0,0,1,0,0,0,0,0,0,0,0,0,2,0,0,0,0,0,2,3,0,15,0,0,0,0,2,0,0,0,0,0,15,0,0,0,0,0,2,0,0,0,2,0
P0328,-30.423272,-56.266185,QUA1402,fish_CamposSulinos_RS,156,51.84944332,0,13,0,0,0,0,0,0,4,0,0,0,0,0,0,0,0,0,0,0,8,0,0,0,0,67,5,0,0,0,1,0,0,1,0,0,3,0,1,0,0,0,0,0,0,0,29,0,0,0,0,0,0,0,1,0,0,32,0,0,0,0,0,0,0,0,0,2,50,15,0,0,0,0,1,0,0,0,0,0,0,0,0,0,0,0,0,0,0,0,0,1,0,1,0,0,0,0,2,0,0,0,0,0,5,0,0,0,0,0,1,0,0,0,2,0
P0329,-29.958534,-56.784917,QUA1403,fish_CamposSulinos_RS,156,59.73782507,0,55,4,0,0,0,0,0,42,0,0,0,0,0,0,0,0,0,53,0,5,0,0,2,0,0,0,15,0,0,0,1,0,0,0,0,20,0,2,0,1,0,0,0,0,0,0,1,0,0,0,0,0,0,0,0,0,115,0,0,0,0,1,0,0,0,0,0,11,17,4,24,0,0,0,0,47,0,0,3,0,2,0,0,0,1,0,0,0,0,0,0,0,1,0,0,0,0,0,0,0,0,0,0,46,0,0,0,0,0,0,7,0,1,16,0
P0330,-31.299124,-53.935986,BAG1501,fish_CamposSulinos_RS,156,33.83121712,0,1,0,0,0,1,3,0,0,0,0,0,0,0,0,0,2,0,0,0,217,0,0,3,0,89,0,0,0,0,0,0,0,0,0,0,0,0,11,0,0,0,0,0,0,0,116,0,0,0,7,0,0,7,0,0,0,75,0,0,0,0,0,0,0,0,0,1,0,29,0,0,0,0,0,0,0,0,0,0,0,0,0,0,0,0,0,0,0,0,1,0,0,0,0,0,0,2,2,0,0,0,0,0,12,0,0,28,0,0,0,0,1,0,1,0
P0331,-31.390222,-53.848249,BAG1502,fish_CamposSulinos_RS,156,53.7090906,0,1,0,0,0,1,7,0,6,0,0,0,0,0,0,0,0,0,0,0,8,0,0,0,0,10,0,5,0,0,0,0,0,17,0,0,4,0,2,0,0,7,0,0,1,0,18,0,0,0,8,0,0,3,0,0,0,6,0,0,0,0,8,0,0,0,0,1,0,1,0,0,0,0,1,0,0,0,0,3,0,0,0,0,0,0,0,0,0,0,0,36,0,1,0,0,0,0,1,0,2,0,0,0,4,0,0,4,0,0,0,0,0,0,0,0
P0332,-31.250968,-54.352204,BAG1503,fish_CamposSulinos_RS,156,51.73437087,0,6,0,0,0,7,0,0,0,0,0,0,0,0,0,0,0,0,0,0,19,3,0,0,0,6,0,2,0,0,1,0,0,78,0,0,0,0,0,0,0,1,0,0,0,0,20,0,0,0,5,0,0,0,0,0,0,9,0,0,0,0,82,0,0,0,0,0,0,7,0,0,0,0,0,0,0,0,0,28,0,0,0,0,0,0,0,0,25,0,0,66,0,5,0,0,0,0,0,0,0,0,0,0,26,0,2,60,0,0,0,0,0,0,0,0
